-- MySQL dump 10.13  Distrib 5.7.9, for Win64 (x86_64)
--
-- Host: localhost    Database: ligongbao
-- ------------------------------------------------------
-- Server version	5.7.11-log

/*!40101 SET @OLD_CHARACTER_SET_CLIENT=@@CHARACTER_SET_CLIENT */;
/*!40101 SET @OLD_CHARACTER_SET_RESULTS=@@CHARACTER_SET_RESULTS */;
/*!40101 SET @OLD_COLLATION_CONNECTION=@@COLLATION_CONNECTION */;
/*!40101 SET NAMES utf8 */;
/*!40103 SET @OLD_TIME_ZONE=@@TIME_ZONE */;
/*!40103 SET TIME_ZONE='+00:00' */;
/*!40014 SET @OLD_UNIQUE_CHECKS=@@UNIQUE_CHECKS, UNIQUE_CHECKS=0 */;
/*!40014 SET @OLD_FOREIGN_KEY_CHECKS=@@FOREIGN_KEY_CHECKS, FOREIGN_KEY_CHECKS=0 */;
/*!40101 SET @OLD_SQL_MODE=@@SQL_MODE, SQL_MODE='NO_AUTO_VALUE_ON_ZERO' */;
/*!40111 SET @OLD_SQL_NOTES=@@SQL_NOTES, SQL_NOTES=0 */;

--
-- Table structure for table `note_address`
--

DROP TABLE IF EXISTS `note_address`;
/*!40101 SET @saved_cs_client     = @@character_set_client */;
/*!40101 SET character_set_client = utf8 */;
CREATE TABLE `note_address` (
  `aid` varchar(96) DEFAULT NULL,
  `province` varchar(96) DEFAULT NULL,
  `city` varchar(96) DEFAULT NULL,
  `county` varchar(96) DEFAULT NULL,
  `detaileaddress` varchar(1560) DEFAULT NULL,
  `postalcode` varchar(96) DEFAULT NULL,
  `mobilenumber` varchar(96) DEFAULT NULL,
  `addressee` varchar(96) DEFAULT NULL,
  `uid` varchar(96) DEFAULT NULL
) ENGINE=InnoDB DEFAULT CHARSET=utf8;
/*!40101 SET character_set_client = @saved_cs_client */;

--
-- Dumping data for table `note_address`
--

LOCK TABLES `note_address` WRITE;
/*!40000 ALTER TABLE `note_address` DISABLE KEYS */;
INSERT INTO `note_address` VALUES ('01A46F59ACBD48C2A16CCA6AD1A47E18','方便V广东省','挂号费','很过分','刚好无法刚好无法他','规划问题','让他玩','回头让我','41B3BB71B9A34424A88C1908CCE785F5'),('37CDCC377F744D0383336A5FAED48EE7','黑龙江','哈尔滨','南岗','中心大道109号哈尔滨学院','10086','18945103902','张三','2DE15B2C7C254DD98E8D530E7D447BD9'),('3E743F9CFFF942DE814A5E584A58F8B0','yu8g-0','ft6','7yg7','7ygv7yh8','8yhghy','87yg8','87yg8','43D80FD0982740E99BA54C35431BBF7F'),('4459811A015D4AFE964E905205A5582D','黑龙江','哈尔滨','南岗','中心大道109号','10086','18945103902','丁波琪','C5590C8924F9483D823C18C8E88BEB8D'),('5AE5E55FAA3B4BB384DDC4D789DB45DB','xxx','xxx','xx','xx','xxx','6+56+','xxx','9FE1E5A177BF4D428377D3B17B97213D');
/*!40000 ALTER TABLE `note_address` ENABLE KEYS */;
UNLOCK TABLES;

--
-- Table structure for table `note_computer`
--

DROP TABLE IF EXISTS `note_computer`;
/*!40101 SET @saved_cs_client     = @@character_set_client */;
/*!40101 SET character_set_client = utf8 */;
CREATE TABLE `note_computer` (
  `nid` varchar(96) DEFAULT NULL,
  `nname` varchar(96) DEFAULT NULL,
  `nprice` varchar(96) DEFAULT NULL,
  `ndiscount` varchar(96) DEFAULT NULL,
  `nimage` varchar(192) DEFAULT NULL,
  `ncompany` varchar(96) DEFAULT NULL,
  `nrprice` float DEFAULT NULL,
  `scount` int(11) DEFAULT NULL
) ENGINE=InnoDB DEFAULT CHARSET=utf8;
/*!40101 SET character_set_client = @saved_cs_client */;

--
-- Dumping data for table `note_computer`
--

LOCK TABLES `note_computer` WRITE;
/*!40000 ALTER TABLE `note_computer` DISABLE KEYS */;
INSERT INTO `note_computer` VALUES ('02F37464EA7648B6BF199A403E56893B','惠普poi101(跳楼价格)','2100','0.90','/images/hp/53fd7e43Nc39193ee.jpg','hp',1890,NULL),('0762C398B01F46AE8A63C7CC61347DB5','华硕pous865','5631','0.90','/images/asus/54291550N19ea88fa.jpg','asus',5067.9,NULL),('0820BAF06A7C4C65A2F7679E58351B1C','索尼sve14134','6544','0.8','/images/sony/u=702572880,1095366439&fm=58.jpg','sony',5235.2,NULL),('0AF0ABC41614457BBE43286426E58F41','戴尔neb','6200','0.85','/images/dell/543de9e8Neb2accb1.jpg','dell',5270,NULL),('0E53E519DEDD455F8F2560BD73D07096','戴尔n21','5700','0.9','/images/dell/5465a72eN2165dc8d.jpg','dell',5130,NULL),('124F830AB1CD4237B171E108104419FA','华硕bed358','6300','0.90','/images/asus/5450c0a7N31de8649.jpg','asus',5670,NULL),('18465B4325A84CDFAF61D60414CB7448','苹果（Apple）AySM 5200','15000','0.99','/images/apple/006152808.jpg','apple',14250,NULL),('184E16BFD0CD4A7CA056423CA38AF094','宏碁（acer） V3-572G 15.6','8888','0.9','/images/acer/53f30efbNcbe42da3.jpg','acer',7999.19,NULL),('18659D5A088E43FC9801F7BFC79A2EDA','索尼sve14125','8877','0.78','/images/sony/u=2526007105,607086713&fm=58.jpg','sony',6924.05,NULL),('186E250A1CA14F409EE838FD5FFB2DA0','索尼sve14130','7654','0.8','/images/sony/u=3901163704,3966249224&fm=58.jpg','sony',6123.2,NULL),('18D228DDF06F4A509E5CC75F68417F9A','苹果（Apple） MacBook Air 2000','7999','0.95','/images/apple/006341539.jpg','apple',7599.05,NULL),('19447D3DD3E74086B3B7239E822A6AEC','华硕zse637','3500','0.95','/images/asus/543f6480Ndd735bb6.jpg','asus',3325,NULL),('1C0138D808454DED8319F0E89176C8B4','三星（SAMSUNG）270E5U-X02CN07','5666','0.9','/images/samsung/u=3453280828,2655669392&fm=58.jpg','samsung',5099.4,NULL),('1C4AEBAC98354239A95479915BC28072','三星（SAMSUNG）270E5U-X02CN01','8695','0.9','/images/samsung/u=1405387146,700151811&fm=58.jpg','samsung',7825.5,NULL),('1D873BBAB14F40509DC4E9D99C00F988','索尼sve14135','7655','0.8','/images/sony/u=833986617,3323169390&fm=58.jpg','sony',6124,NULL),('21110FA2DD514737AE14DD0804CDBBC7','苹果（Apple）aAaa 2200','9999','0.95','/images/apple/5424d2beN268f894c.jpg','apple',9499.05,NULL),('213519D3423A4365A5F156BD9B03A1C8','惠普zxc9859','5300','0.90','/images/hp/53fbe7c3Nb6380db1.jpg','hp',4770,NULL),('2215AF9596974280B63C0859403B8516','惠普qwe4124','6100','0.91','/images/hp/53fbe6d2N567c6bb7.jpg','hp',5551,NULL),('234B106E5BFF46E38783D6D66F3AB9F0','华硕zse639','5000','0.96','/images/asus/544db3bfN0cbfc3f4.jpg','asus',4800,NULL),('295F99CF7C6940EC8ACB95518995AF30','华硕ert489(英雄联盟专用)','7878','0.88','/images/asus/54125d3fNf5c75013.jpg','asus',6932.64,NULL),('2B9C398126374E1196CAE11F7C5D5078','惠普poi102','2200','0.90','/images/hp/543e0c4fN8af0fb83.jpg','hp',1980,NULL),('334239A89E644BEF84B33D0F85CB4366','华硕bed359','6400','0.90','/images/asus/5450c0f2Nbfd5db5b.jpg','asus',5760,NULL),('35ED5878F04A452A8BD5D7954DBFEDAD','苹果（Apple）DTyte 200 ','7800','0.85','/images/apple/006341539.jpg','apple',6630,NULL),('3B4B60F98FEC4967862ABFF750C50B43','华硕agsq8357','3500','0.97','/images/asus/5450bfb1Nb512b500.jpg','asus',3395,NULL),('3C817E3BF2C44D118B7F52032BFFC847','华硕agsq8355','3200','0.97','/images/asus/5450bf54Na7228e99.jpg','asus',3104,NULL),('3FE4359FC5EC4B9CAC2A970D8E10908B','宏基 （acer） ASD AMD 2000','5000','0.9','/images/acer/rBEbRVNy5vIIAAAAAAFzoDPaqdcAAA_CgEgH7cAAXO4653.jpg','acer',4950,NULL),('3FF514DEF84F4D819FB3563A967F7D23','宏基 （acer） Ms5000','6500','0.9','/images/acer/5405a96bN5910d3f0.jpg','acer',5850,NULL),('40651FA28E3B4695BEA3DE75AB41F5E0','索尼sve14126','5666','0.8','/images/sony/u=322845727,4189146560&fm=58.jpg','sony',4532.8,NULL),('40973CC10C304B2EB179218BF7DD54EC','华硕bed357','6200','0.90','/images/asus/5450c092Ne740e840.jpg','asus',5530,NULL),('42C5E608E5654BC78946A7F9705B79DB','三星（SAMSUNG）270E5U-X02CN00','5847','0.9','/images/samsung/u=1389369834,1646119382&fm=58.jpg','samsung',5262.3,NULL),('42F1C33AD82A4629AA813CBFD6EBA220','苹果 (Apple) MASD  6666 ','12000','0.9','/images/apple/006343258.jpg','apple',10800,NULL),('441B1EDEDC93488D888ACFE03CCA8FFB','三星（SAMSUNG）270E5U-X02CN12','7654','0.9','/images/samsung/u=767406760,361712330&fm=58.jpg','samsung',6888.59,NULL),('44A4544550924B59AC1D6BF45A7F06DB','三星（SAMSUNG）270E5U-X02CN11','5644','0.9','/images/samsung/u=582767500,495799494&fm=58.jpg','samsung',5079.6,NULL),('45B2F3FE40A44839B12373C24277CF2E','索尼sve14132','8796','0.8','/images/sony/u=471461073,4034402699&fm=58.jpg','sony',7036.8,NULL),('4849CD95F0C44DC398F6AD77EAB19E2C','宏基 (acer)  V5-5500','7888','0.9','/images/acer/53fbf81dN656c0440.jpg','acer',7099.19,NULL),('49E9A844466B4965A71882A56E7E10E6','华硕bed360','6500','0.90','/images/asus/5450c108Na019d866.jpg','asus',5850,NULL),('4B723A5571604612820404CAFD72066A','三星（SAMSUNG）270E5U-X02CN03','8659','0.9','/images/samsung/u=2354684251,1189048021&fm=58.jpg','samsung',7793.09,NULL),('507EBEC1AEAB45EBA55F949F5EF50BF4','联想nf8','5200','0.86','/images/lenovo/546d97e5Nf87a0149.jpg','lenovo',4472,NULL),('52D5362FECAB414490EC7D88B634EC46','联想n4d','5700','0.9','/images/lenovo/546059eaN4d940e93.jpg','lenovo',5130,NULL),('53727AA812704E47A35E6AF9A72B0710','三星（SAMSUNG）270E5U-X02CN02','5433','0.9','/images/samsung/u=174313126,563126170&fm=58.jpg','samsung',4889.69,NULL),('55563ECD5B344FAEAB8349BFBD0E2E18','华硕bed355','6100','0.97','/images/asus/5450c073Ndcc3147a.jpg','asus',5917,NULL),('56CCAC64C81D40439532074CFD5A1BFB','索尼sve14131','4567','0.8','/images/sony/u=402138942,720085680&fm=58.jpg','sony',3653.6,NULL),('5B397F90CD2F4E6E9980D063FB92A6B2','戴尔nce','5550','0.9','/images/dell/540ed4a6Nce6e1d8f.jpg','dell',4995,NULL),('5BA4FB0C08094983B47D308DCB5925F1','戴尔n94','5200','0.9','/images/dell/53be70baN940abd54.jpg','dell',4680,NULL),('5D20D0761AED400385C627122D9CA361','三星（SAMSUNG）270E5U-X02CN05','7656','0.9','/images/samsung/u=3051857402,3679387641&fm=58.jpg','samsung',6890.4,NULL),('5DA5460C01F3401A8195B875F97D356F','惠普zxc9858','5200','0.90','/images/hp/53fbe7b7N0a6901b2.jpg','hp',4680,NULL),('6281C34850494C40BED247D7BC6E6309','惠普asd3182','7200','0.91','/images/hp/53d9fea1N505e30c5.jpg','hp',6552,NULL),('633D5F676D0D4BCCBA7A9CA33757A95C','华硕agsq8354','3188','0.98','/images/asus/5450bf4dNeef60896.jpg','asus',3124.24,NULL),('64BBD528602E49149C9640B79D06322F','惠普poi100','2000','0.90','/images/hp/53fd7e21N65d78dd6.jpg','hp',1800,NULL),('6AA658D09DEF49438F2CC0576FEFD8E7','三星（SAMSUNG）270E5U-X02CN04','6859','0.9','/images/samsung/u=2545195264,3062538826&fm=58.jpg','samsung',6173.09,NULL),('6B561A4702A7405B920E077AD8C3E316','三星（SAMSUNG）270E5U-X02CN08','7695','0.9','/images/samsung/u=3956918808,2737090737&fm=58.jpg','samsung',6925.5,NULL),('700E702A93634691AA1CBC7513183973','联想akc','6000','0.9','/images/lenovo/546d97e5Nf87a0149.jpg','lenovo',5400,NULL),('70FE2791DD1A4153A559C2832AD45659','索尼sve14124','6670','0.6','/images/sony/u=2333556726,2179237057&fm=58.jpg','sony',4002,NULL),('782056EA0F0F42F1907BA829EB0EC5A1','索尼sve14128','7657','0.8','/images/sony/u=3490612369,2744703545&fm=58.jpg','sony',6125.6,NULL),('81D1F99C94B54618B7755E6F81EB06A4','索尼sve14129','8967','0.8','/images/sony/u=3580745417,2521382158&fm=58.jpg','sony',7173.6,NULL),('85F3B5A477984BDD8ABAF5851FC5149D','华硕agsq8353','3100','0.98','/images/asus/5450bf4dNeef60896.jpg','asus',3038,NULL),('897396C54B29407EA4F71E556C1B80B8','华硕qwetr332','8888','0.90','/images/hp/53fd7e43Nc39193ee.jpg',NULL,NULL,NULL),('8DC5DE7BE7AD45F9944B62C840164184','惠普qwe4125','6200','0.91','/images/hp/53fbe6d2N567c6bb7.jpg','hp',5642,NULL),('8E888D272E1C4069A09A89221BF38FD8','索尼sve14133','7656','0.8','/images/sony/u=584710187,4050163499&fm=58.jpg','sony',6124.8,NULL),('8EF08E1B22AC49F6BB354587C36AA750','索尼sve14121','5576','0.92','/images/sony/u=1358245524,134348081&fm=58.jpg','sony',5129.92,NULL),('91123566B1914EC7918AEA2527E7551A','苹果（Apple）A86oE','13000','0.9','/images/apple/006426995.jpg','apple',11700,NULL),('938BD62E0CE640FFA4A8969559ABD194','戴尔n65','4765','0.75','/images/dell/540ed5ceN65fcc183.jpg','dell',3573.75,NULL),('93F90936671149069FD7F55540FC5257','宏基 （acer） V4-01010','6000','0.95','/images/acer/5405a961N5aaf6c26.jpg','acer',5700,NULL),('93FAE79F3A984C5FA56CCFE989BB68A8','惠普qwe4127','6400','0.90','/images/hp/53fbe740Nd34fb19b.jpg','hp',5760,NULL),('9490E522530946E0B97EAE458503E64B','苹果（Apple）MacBook Air 7887','9000','0.9','/images/apple/006060042.jpg','apple',8100,NULL),('95318E457D4C4D348A3B52E399E7B4C0','华硕zse638','3700','0.97','/images/asus/5445d7b4N483c5ea3.jpg','asus',3589,NULL),('96F8438C60FF4AC4A0051F5A9C77B52F','惠普qwe4123','6000','0.91','/images/hp/53d9fea7N39baf498.jpg','hp',5460,NULL),('97896AF5A05744F08573414EFC834A8A','苹果 （Apple）5548','12000','0.88','/images/apple/005977101.jpg','apple',10560,NULL),('98C1AD1407C545BAA0529272066E35D7','联想nce','5600','0.85','/images/lenovo/54605989Ncebbcb88.jpg','lenovo',4760,NULL),('9EF22ED824054A619DC259078FA4724C','惠普asd3181','7100','0.91','/images/hp/53d9f7eaNf2c48b15.jpg','hp',6461,NULL),('A06D7E324B6843A5BAD0536F778DCC84','华硕pous864','4300','0.95','/images/asus/54291561N83b07ab0.jpg','asus',4085,NULL),('A59BB56D8C1C4199963E224B9CE09A98','惠普asd3180','7000','0.90','/images/hp/53980443Nf3891345.jpg','hp',6300,NULL),('A9C15A8023AF4B3BA9FA14608A15B83B','联想n2d95','6000','0.85','/images/lenovo/53ec0ee1N2d95cbc3.jpg','lenovo',5100,NULL),('AA25876DBECD4D479A23ECDF6098B85B','联想nf3','4700','0.88','/images/lenovo/54605a2aNf381b1f0.jpg','lenovo',4136,NULL),('ADE52508AEF548E7AF94E35A8D7AAB8E','苹果 (Apple) MsD 1104 ','11000','0.95','/images/apple/006060043.jpg','apple',10450,NULL),('AE2856BBE9294DABBF2B992047EE37C5','联想srs223','5200','0.9','/images/lenovo/53da0e30N1dd6c17f.jpg','lenovo',4680,NULL),('B305C5FB4BC4415BA3B190B8A68FA338','华硕asd8672','8888','0.92','/images/asus/54125d36N132c3ef7.jpg','asus',8716.96,NULL),('BB8CB03ADB984E7BB7823BD23D4CC95A','索尼sve14120','8865','0.9','/images/sony/u=1310730049,3938984529&fm=58.jpg','sony',7978.5,NULL),('BDA0531E6BB24C6EB64504887FFB0FB9','华硕bed356','6150','0.90','/images/asus/5450c086Nf7bd5403.jpg','asus',5535,NULL),('C4B1692B1B184E24BAABB50FAC7AF013','苹果（Apple）AyFE  0200','13333','0.99','/images/apple/006394376.jpg','apple',13199.7,NULL),('C614E69E9A3D4680BBD935E957D0F2AC','苹果（Apple）MacBook Air MD761CH/B','9888','0.88','/images/apple/004800609.jpg','apple',870144,NULL),('CA988B5821A94500BD7A48CFBC724007','宏基 （acer） ASD AMD 300','5888','0.9','/images/acer/5406b284Nbc972a31.jpg','acer',5299,NULL),('CAF1D0F0FEE44E4FB1F6FE61BC34B46A','华硕agsq8351','2900','0.99','/images/asus/5450bf34N94129cee.jpg','asus',2871,NULL),('CB3DCFB82B134A248263A16F5CA60D8C','索尼sve14119','6456','0.7','/images/sony/u=1197248114,780503621&fm=58.jpg','sony',5681.28,NULL),('CC24CFA77DB940FBA53AD78B79FAFC85','索尼sve14122','4331','0.86','/images/sony/u=141141136,2865404386&fm=58.jpg','sony',3724.66,NULL),('CCD5ACA169954A16971614307AD8490A','华硕agsq8352','3000','0.98','/images/asus/5450bf3dN76577997.jpg','asus',2940,NULL),('CE5E306EDFAA4A76B5E8CDDEAA02CF97','三星（SAMSUNG）270E5U-X02CN12','7789','0.9','/images/samsung/u=858127457,1429444386&fm=58.jpg','samsung',7010.09,NULL),('D3190C22D66247319D4EED2212F0FE1B','宏基 （acer） ASD AMD 500','6999','0.9','/images/acer/5456e067N269dd916.jpg','acer',6299.26,NULL),('D3B310666F2744A6AE9550018B54A1FC','苹果（Apple）MacBook Air 5566','8888','0.9','/images/apple/005977112.jpg','apple',7999.19,NULL),('D4B903F9293841F283B1D2D784F27E74','三星（SAMSUNG）270E5U-X02CN06','5748','0.9','/images/samsung/u=310031661,2439450123&fm=58.jpg','samsung',5173.19,NULL),('D58148027F134D398B215569D7A27F73','苹果（Apple）WaSs 5200','11000','0.9','/images/apple/006427059.jpg','apple',9900,NULL),('D66EE4C2BE364DB6918E9426A455F7AD','宏基 （acer） ASD AMD 400','6000','0.9','/images/acer/5456e067N269dd916.jpg','acer',5400,NULL),('D6720D8D74FE4EF3A9F8783E37EB52CA','惠普zxc9857','5100','0.90','/images/hp/53fbe7afN39d5529c.jpg','hp',4550,NULL),('D78899C846DF444CBA3506957BC142BE','惠普qwe4128','6500','0.90','/images/hp/53fbe748N94125853.jpg','hp',5850,NULL),('D90F21237CE049C38475ACE575D82F91','华硕zse635','4100','0.99','/images/asus/5429158bNbbb5994b.jpg','asus',4059,NULL),('DCD64A649223424B98DAEA0D51C469D3','联想n9e','5955','0.87','/images/lenovo/54605a0aN9e3f3249.jpg','lenovo',5180.85,NULL),('DE35C83D35AB4A7BB170361DD91ADB24','华硕pous866','4800','0.96','/images/asus/54291573N91d17301.jpg','asus',4608,NULL),('E32C67EB214A4F44AEB68746A5468E30','苹果（Apple）ASAS 0006','10000','0.9','/images/apple/006427099.jpg','apple',9000,NULL),('E4F4219AD43245D49B378AFA0CC07D36','宏基 （acer）MAD 5000','5500','0.9','/images/acer/rBEHZ1CAr1AIAAAAAAGotRNXffYAAB0oANiNMYAAajN716.jpg','acer',5200,NULL),('E76BFD127EC14454B2497607320B4CD3','华硕agsq8356','3300','0.97','/images/asus/5450bf75N299c3403.jpg','asus',3201,NULL),('E7D999CCF7DD48F196E015A3704B5D73','华硕zse636','5100','0.96','/images/asus/544f72c6Ne636e420.jpg','asus',4896,NULL),('E831D2F2F0F449DAAFDEBEC64628A403','联想nald33d4','5500','0.9','/images/lenovo/53ec0edcNa1d33d4d.jpg','lenovo',4950,NULL),('E841375011FE41C3B2B8AC04FCB5E755','联想nb758','6300','0.88','/images/lenovo/543f9d5fNb7587cdd.jpg','lenovo',5544,NULL),('E9933507A04A439A8C478E845BF0206C','华硕fes312(土豪必备)','15000','0.99','/images/asus/54125d3aNd1c8a5c0.jpg','asus',14850,NULL),('EA52671D36CB48A3BC9563FB094697AB','三星（SAMSUNG）270E5U-X02CN05','3455','0.9','/images/samsung/u=2893164118,3569552813&fm=58.jpg','samsung',3109.5,NULL),('F07D8AAF257346B9AA335EA81A13B267','三星（SAMSUNG）270E5U-X02CN10','7654','0.9','/images/samsung/u=4204174224,4163154310&fm=58.jpg','samsung',6888.59,NULL),('F215E6B18E2E46DEA520BFC5EA4F3A15','华硕bed354','6000','0.97','/images/asus/5450c00dNbeb60414.jpg','asus',5820,NULL),('F230FD9EFE32470ABC1C855A5FC5A770','索尼sve14123','6567','0.88','/images/sony/u=1974130074,781947554&fm=58.jpg','sony',5778.96,NULL),('F28210C3AD244AD0B582677D0693D6D6','三星（SAMSUNG）270E5U-X02CN09','6859','0.9','/images/samsung/u=4193182371,837033171&fm=58.jpg','samsung',6173.09,NULL),('F32BAD6183594C3EB2DB50A361F70071','惠普zxc9856','5000','0.90','/images/hp/53fbe78bN891d9d73.jpg','hp',4500,NULL),('F33EDE15129A416980E1525C6CE288FB','索尼sve14127','6554','0.8','/images/sony/u=330436263,679425499&fm=58.jpg','sony',5243.2,NULL),('F60DE513152C4B07837AF1FC526093F2','惠普qwe4126','6300','0.90','/images/hp/53fbe722N1e031369.jpg','hp',5670,NULL),('F8CDB8572A8D4BA09E8E72FBA258538A','戴尔nba','5700','0.85','/images/dell/540ed54cNba59828d.jpg','dell',4845,NULL),('FBD30735D88F42D698CB4D7ADF035BCA','宏基 （acer）ADDD 2323','7000','0.9','/images/acer/rBEQYVGtx4gIAAAAAAFjIXrCr1EAACvAgEvrKcAAWM5034.jpg','acer',6300,NULL),('FDED8A8A7F4246CA9588230B648A53A5','联想n60','5850','0.88','/images/lenovo/5451ab73N60e57f6e.jpg','lenovo',5148,NULL),('FF74EC49C81045F897CBF5CFF908E28C','惠普poi103','2300','0.90','/images/hp/53fd7e43Nc39193ee.jpg','hp',2070,NULL),('184E16BFD0CD4A7CA056423CA38AF094','宏碁（acer） V3-572G 15.6','8888','0.9','/images/acer/53f30efbNcbe42da3.jpg','acer',7999.19,NULL),('18659D5A088E43FC9801F7BFC79A2EDA','索尼sve14125','8877','0.78','/images/sony/u=2526007105,607086713&fm=58.jpg','sony',6924.05,NULL),('186E250A1CA14F409EE838FD5FFB2DA0','索尼sve14130','7654','0.8','/images/sony/u=3901163704,3966249224&fm=58.jpg','sony',6123.2,NULL),('18D228DDF06F4A509E5CC75F68417F9A','苹果（Apple） MacBook Air 2000','7999','0.95','/images/apple/006341539.jpg','apple',7599.05,NULL),('19447D3DD3E74086B3B7239E822A6AEC','华硕zse637','3500','0.95','/images/asus/543f6480Ndd735bb6.jpg','asus',3325,NULL),('1C0138D808454DED8319F0E89176C8B4','三星（SAMSUNG）270E5U-X02CN07','5666','0.9','/images/samsung/u=3453280828,2655669392&fm=58.jpg','samsung',5099.4,NULL),('1C4AEBAC98354239A95479915BC28072','三星（SAMSUNG）270E5U-X02CN01','8695','0.9','/images/samsung/u=1405387146,700151811&fm=58.jpg','samsung',7825.5,NULL),('1D873BBAB14F40509DC4E9D99C00F988','索尼sve14135','7655','0.8','/images/sony/u=833986617,3323169390&fm=58.jpg','sony',6124,NULL),('21110FA2DD514737AE14DD0804CDBBC7','苹果（Apple）aAaa 2200','9999','0.95','/images/apple/5424d2beN268f894c.jpg','apple',9499.05,NULL),('213519D3423A4365A5F156BD9B03A1C8','惠普zxc9859','5300','0.90','/images/hp/53fbe7c3Nb6380db1.jpg','hp',4770,NULL),('2215AF9596974280B63C0859403B8516','惠普qwe4124','6100','0.91','/images/hp/53fbe6d2N567c6bb7.jpg','hp',5551,NULL),('234B106E5BFF46E38783D6D66F3AB9F0','华硕zse639','5000','0.96','/images/asus/544db3bfN0cbfc3f4.jpg','asus',4800,NULL),('295F99CF7C6940EC8ACB95518995AF30','华硕ert489(英雄联盟专用)','7878','0.88','/images/asus/54125d3fNf5c75013.jpg','asus',6932.64,NULL),('2B9C398126374E1196CAE11F7C5D5078','惠普poi102','2200','0.90','/images/hp/543e0c4fN8af0fb83.jpg','hp',1980,NULL),('334239A89E644BEF84B33D0F85CB4366','华硕bed359','6400','0.90','/images/asus/5450c0f2Nbfd5db5b.jpg','asus',5760,NULL),('35ED5878F04A452A8BD5D7954DBFEDAD','苹果（Apple）DTyte 200 ','7800','0.85','/images/apple/006341539.jpg','apple',6630,NULL),('3B4B60F98FEC4967862ABFF750C50B43','华硕agsq8357','3500','0.97','/images/asus/5450bfb1Nb512b500.jpg','asus',3395,NULL),('3C817E3BF2C44D118B7F52032BFFC847','华硕agsq8355','3200','0.97','/images/asus/5450bf54Na7228e99.jpg','asus',3104,NULL),('3FE4359FC5EC4B9CAC2A970D8E10908B','宏基 （acer） ASD AMD 2000','5000','0.9','/images/acer/rBEbRVNy5vIIAAAAAAFzoDPaqdcAAA_CgEgH7cAAXO4653.jpg','acer',4950,NULL),('3FF514DEF84F4D819FB3563A967F7D23','宏基 （acer） Ms5000','6500','0.9','/images/acer/5405a96bN5910d3f0.jpg','acer',5850,NULL),('40651FA28E3B4695BEA3DE75AB41F5E0','索尼sve14126','5666','0.8','/images/sony/u=322845727,4189146560&fm=58.jpg','sony',4532.8,NULL),('40973CC10C304B2EB179218BF7DD54EC','华硕bed357','6200','0.90','/images/asus/5450c092Ne740e840.jpg','asus',5530,NULL),('42C5E608E5654BC78946A7F9705B79DB','三星（SAMSUNG）270E5U-X02CN00','5847','0.9','/images/samsung/u=1389369834,1646119382&fm=58.jpg','samsung',5262.3,NULL),('42F1C33AD82A4629AA813CBFD6EBA220','苹果 (Apple) MASD  6666 ','12000','0.9','/images/apple/006343258.jpg','apple',10800,NULL),('441B1EDEDC93488D888ACFE03CCA8FFB','三星（SAMSUNG）270E5U-X02CN12','7654','0.9','/images/samsung/u=767406760,361712330&fm=58.jpg','samsung',6888.59,NULL),('44A4544550924B59AC1D6BF45A7F06DB','三星（SAMSUNG）270E5U-X02CN11','5644','0.9','/images/samsung/u=582767500,495799494&fm=58.jpg','samsung',5079.6,NULL),('45B2F3FE40A44839B12373C24277CF2E','索尼sve14132','8796','0.8','/images/sony/u=471461073,4034402699&fm=58.jpg','sony',7036.8,NULL),('4849CD95F0C44DC398F6AD77EAB19E2C','宏基 (acer)  V5-5500','7888','0.9','/images/acer/53fbf81dN656c0440.jpg','acer',7099.19,NULL),('49E9A844466B4965A71882A56E7E10E6','华硕bed360','6500','0.90','/images/asus/5450c108Na019d866.jpg','asus',5850,NULL),('4B723A5571604612820404CAFD72066A','三星（SAMSUNG）270E5U-X02CN03','8659','0.9','/images/samsung/u=2354684251,1189048021&fm=58.jpg','samsung',7793.09,NULL),('507EBEC1AEAB45EBA55F949F5EF50BF4','联想nf8','5200','0.86','/images/lenovo/546d97e5Nf87a0149.jpg','lenovo',4472,NULL),('52D5362FECAB414490EC7D88B634EC46','联想n4d','5700','0.9','/images/lenovo/546059eaN4d940e93.jpg','lenovo',5130,NULL),('53727AA812704E47A35E6AF9A72B0710','三星（SAMSUNG）270E5U-X02CN02','5433','0.9','/images/samsung/u=174313126,563126170&fm=58.jpg','samsung',4889.69,NULL),('55563ECD5B344FAEAB8349BFBD0E2E18','华硕bed355','6100','0.97','/images/asus/5450c073Ndcc3147a.jpg','asus',5917,NULL),('56CCAC64C81D40439532074CFD5A1BFB','索尼sve14131','4567','0.8','/images/sony/u=402138942,720085680&fm=58.jpg','sony',3653.6,NULL),('5B397F90CD2F4E6E9980D063FB92A6B2','戴尔nce','5550','0.9','/images/dell/540ed4a6Nce6e1d8f.jpg','dell',4995,NULL),('5BA4FB0C08094983B47D308DCB5925F1','戴尔n94','5200','0.9','/images/dell/53be70baN940abd54.jpg','dell',4680,NULL),('5D20D0761AED400385C627122D9CA361','三星（SAMSUNG）270E5U-X02CN05','7656','0.9','/images/samsung/u=3051857402,3679387641&fm=58.jpg','samsung',6890.4,NULL),('5DA5460C01F3401A8195B875F97D356F','惠普zxc9858','5200','0.90','/images/hp/53fbe7b7N0a6901b2.jpg','hp',4680,NULL),('6281C34850494C40BED247D7BC6E6309','惠普asd3182','7200','0.91','/images/hp/53d9fea1N505e30c5.jpg','hp',6552,NULL),('633D5F676D0D4BCCBA7A9CA33757A95C','华硕agsq8354','3188','0.98','/images/asus/5450bf4dNeef60896.jpg','asus',3124.24,NULL),('64BBD528602E49149C9640B79D06322F','惠普poi100','2000','0.90','/images/hp/53fd7e21N65d78dd6.jpg','hp',1800,NULL),('6AA658D09DEF49438F2CC0576FEFD8E7','三星（SAMSUNG）270E5U-X02CN04','6859','0.9','/images/samsung/u=2545195264,3062538826&fm=58.jpg','samsung',6173.09,NULL),('6B561A4702A7405B920E077AD8C3E316','三星（SAMSUNG）270E5U-X02CN08','7695','0.9','/images/samsung/u=3956918808,2737090737&fm=58.jpg','samsung',6925.5,NULL),('700E702A93634691AA1CBC7513183973','联想akc','6000','0.9','/images/lenovo/546d97e5Nf87a0149.jpg','lenovo',5400,NULL),('70FE2791DD1A4153A559C2832AD45659','索尼sve14124','6670','0.6','/images/sony/u=2333556726,2179237057&fm=58.jpg','sony',4002,NULL),('782056EA0F0F42F1907BA829EB0EC5A1','索尼sve14128','7657','0.8','/images/sony/u=3490612369,2744703545&fm=58.jpg','sony',6125.6,NULL),('81D1F99C94B54618B7755E6F81EB06A4','索尼sve14129','8967','0.8','/images/sony/u=3580745417,2521382158&fm=58.jpg','sony',7173.6,NULL),('85F3B5A477984BDD8ABAF5851FC5149D','华硕agsq8353','3100','0.98','/images/asus/5450bf4dNeef60896.jpg','asus',3038,NULL),('897396C54B29407EA4F71E556C1B80B8','华硕qwetr332','8888','0.90','/images/hp/53fd7e43Nc39193ee.jpg',NULL,NULL,NULL),('8DC5DE7BE7AD45F9944B62C840164184','惠普qwe4125','6200','0.91','/images/hp/53fbe6d2N567c6bb7.jpg','hp',5642,NULL),('8E888D272E1C4069A09A89221BF38FD8','索尼sve14133','7656','0.8','/images/sony/u=584710187,4050163499&fm=58.jpg','sony',6124.8,NULL),('8EF08E1B22AC49F6BB354587C36AA750','索尼sve14121','5576','0.92','/images/sony/u=1358245524,134348081&fm=58.jpg','sony',5129.92,NULL),('91123566B1914EC7918AEA2527E7551A','苹果（Apple）A86oE','13000','0.9','/images/apple/006426995.jpg','apple',11700,NULL),('938BD62E0CE640FFA4A8969559ABD194','戴尔n65','4765','0.75','/images/dell/540ed5ceN65fcc183.jpg','dell',3573.75,NULL),('93F90936671149069FD7F55540FC5257','宏基 （acer） V4-01010','6000','0.95','/images/acer/5405a961N5aaf6c26.jpg','acer',5700,NULL),('93FAE79F3A984C5FA56CCFE989BB68A8','惠普qwe4127','6400','0.90','/images/hp/53fbe740Nd34fb19b.jpg','hp',5760,NULL),('9490E522530946E0B97EAE458503E64B','苹果（Apple）MacBook Air 7887','9000','0.9','/images/apple/006060042.jpg','apple',8100,NULL),('95318E457D4C4D348A3B52E399E7B4C0','华硕zse638','3700','0.97','/images/asus/5445d7b4N483c5ea3.jpg','asus',3589,NULL),('96F8438C60FF4AC4A0051F5A9C77B52F','惠普qwe4123','6000','0.91','/images/hp/53d9fea7N39baf498.jpg','hp',5460,NULL),('97896AF5A05744F08573414EFC834A8A','苹果 （Apple）5548','12000','0.88','/images/apple/005977101.jpg','apple',10560,NULL),('98C1AD1407C545BAA0529272066E35D7','联想nce','5600','0.85','/images/lenovo/54605989Ncebbcb88.jpg','lenovo',4760,NULL),('9EF22ED824054A619DC259078FA4724C','惠普asd3181','7100','0.91','/images/hp/53d9f7eaNf2c48b15.jpg','hp',6461,NULL),('A06D7E324B6843A5BAD0536F778DCC84','华硕pous864','4300','0.95','/images/asus/54291561N83b07ab0.jpg','asus',4085,NULL),('A59BB56D8C1C4199963E224B9CE09A98','惠普asd3180','7000','0.90','/images/hp/53980443Nf3891345.jpg','hp',6300,NULL),('A9C15A8023AF4B3BA9FA14608A15B83B','联想n2d95','6000','0.85','/images/lenovo/53ec0ee1N2d95cbc3.jpg','lenovo',5100,NULL),('AA25876DBECD4D479A23ECDF6098B85B','联想nf3','4700','0.88','/images/lenovo/54605a2aNf381b1f0.jpg','lenovo',4136,NULL),('ADE52508AEF548E7AF94E35A8D7AAB8E','苹果 (Apple) MsD 1104 ','11000','0.95','/images/apple/006060043.jpg','apple',10450,NULL),('AE2856BBE9294DABBF2B992047EE37C5','联想srs223','5200','0.9','/images/lenovo/53da0e30N1dd6c17f.jpg','lenovo',4680,NULL),('B305C5FB4BC4415BA3B190B8A68FA338','华硕asd8672','8888','0.92','/images/asus/54125d36N132c3ef7.jpg','asus',8716.96,NULL),('BB8CB03ADB984E7BB7823BD23D4CC95A','索尼sve14120','8865','0.9','/images/sony/u=1310730049,3938984529&fm=58.jpg','sony',7978.5,NULL),('BDA0531E6BB24C6EB64504887FFB0FB9','华硕bed356','6150','0.90','/images/asus/5450c086Nf7bd5403.jpg','asus',5535,NULL),('C4B1692B1B184E24BAABB50FAC7AF013','苹果（Apple）AyFE  0200','13333','0.99','/images/apple/006394376.jpg','apple',13199.7,NULL),('C614E69E9A3D4680BBD935E957D0F2AC','苹果（Apple）MacBook Air MD761CH/B','9888','0.88','/images/apple/004800609.jpg','apple',870144,NULL),('CA988B5821A94500BD7A48CFBC724007','宏基 （acer） ASD AMD 300','5888','0.9','/images/acer/5406b284Nbc972a31.jpg','acer',5299,NULL),('CAF1D0F0FEE44E4FB1F6FE61BC34B46A','华硕agsq8351','2900','0.99','/images/asus/5450bf34N94129cee.jpg','asus',2871,NULL),('CB3DCFB82B134A248263A16F5CA60D8C','索尼sve14119','6456','0.7','/images/sony/u=1197248114,780503621&fm=58.jpg','sony',5681.28,NULL),('CC24CFA77DB940FBA53AD78B79FAFC85','索尼sve14122','4331','0.86','/images/sony/u=141141136,2865404386&fm=58.jpg','sony',3724.66,NULL),('CCD5ACA169954A16971614307AD8490A','华硕agsq8352','3000','0.98','/images/asus/5450bf3dN76577997.jpg','asus',2940,NULL),('CE5E306EDFAA4A76B5E8CDDEAA02CF97','三星（SAMSUNG）270E5U-X02CN12','7789','0.9','/images/samsung/u=858127457,1429444386&fm=58.jpg','samsung',7010.09,NULL),('D3190C22D66247319D4EED2212F0FE1B','宏基 （acer） ASD AMD 500','6999','0.9','/images/acer/5456e067N269dd916.jpg','acer',6299.26,NULL),('D3B310666F2744A6AE9550018B54A1FC','苹果（Apple）MacBook Air 5566','8888','0.9','/images/apple/005977112.jpg','apple',7999.19,NULL),('D4B903F9293841F283B1D2D784F27E74','三星（SAMSUNG）270E5U-X02CN06','5748','0.9','/images/samsung/u=310031661,2439450123&fm=58.jpg','samsung',5173.19,NULL),('D58148027F134D398B215569D7A27F73','苹果（Apple）WaSs 5200','11000','0.9','/images/apple/006427059.jpg','apple',9900,NULL),('D66EE4C2BE364DB6918E9426A455F7AD','宏基 （acer） ASD AMD 400','6000','0.9','/images/acer/5456e067N269dd916.jpg','acer',5400,NULL),('D6720D8D74FE4EF3A9F8783E37EB52CA','惠普zxc9857','5100','0.90','/images/hp/53fbe7afN39d5529c.jpg','hp',4550,NULL),('D78899C846DF444CBA3506957BC142BE','惠普qwe4128','6500','0.90','/images/hp/53fbe748N94125853.jpg','hp',5850,NULL),('D90F21237CE049C38475ACE575D82F91','华硕zse635','4100','0.99','/images/asus/5429158bNbbb5994b.jpg','asus',4059,NULL),('DCD64A649223424B98DAEA0D51C469D3','联想n9e','5955','0.87','/images/lenovo/54605a0aN9e3f3249.jpg','lenovo',5180.85,NULL),('DE35C83D35AB4A7BB170361DD91ADB24','华硕pous866','4800','0.96','/images/asus/54291573N91d17301.jpg','asus',4608,NULL),('E32C67EB214A4F44AEB68746A5468E30','苹果（Apple）ASAS 0006','10000','0.9','/images/apple/006427099.jpg','apple',9000,NULL),('E4F4219AD43245D49B378AFA0CC07D36','宏基 （acer）MAD 5000','5500','0.9','/images/acer/rBEHZ1CAr1AIAAAAAAGotRNXffYAAB0oANiNMYAAajN716.jpg','acer',5200,NULL),('E76BFD127EC14454B2497607320B4CD3','华硕agsq8356','3300','0.97','/images/asus/5450bf75N299c3403.jpg','asus',3201,NULL),('E7D999CCF7DD48F196E015A3704B5D73','华硕zse636','5100','0.96','/images/asus/544f72c6Ne636e420.jpg','asus',4896,NULL),('E831D2F2F0F449DAAFDEBEC64628A403','联想nald33d4','5500','0.9','/images/lenovo/53ec0edcNa1d33d4d.jpg','lenovo',4950,NULL),('E841375011FE41C3B2B8AC04FCB5E755','联想nb758','6300','0.88','/images/lenovo/543f9d5fNb7587cdd.jpg','lenovo',5544,NULL),('E9933507A04A439A8C478E845BF0206C','华硕fes312(土豪必备)','15000','0.99','/images/asus/54125d3aNd1c8a5c0.jpg','asus',14850,NULL),('EA52671D36CB48A3BC9563FB094697AB','三星（SAMSUNG）270E5U-X02CN05','3455','0.9','/images/samsung/u=2893164118,3569552813&fm=58.jpg','samsung',3109.5,NULL),('F07D8AAF257346B9AA335EA81A13B267','三星（SAMSUNG）270E5U-X02CN10','7654','0.9','/images/samsung/u=4204174224,4163154310&fm=58.jpg','samsung',6888.59,NULL),('F215E6B18E2E46DEA520BFC5EA4F3A15','华硕bed354','6000','0.97','/images/asus/5450c00dNbeb60414.jpg','asus',5820,NULL),('F230FD9EFE32470ABC1C855A5FC5A770','索尼sve14123','6567','0.88','/images/sony/u=1974130074,781947554&fm=58.jpg','sony',5778.96,NULL),('F28210C3AD244AD0B582677D0693D6D6','三星（SAMSUNG）270E5U-X02CN09','6859','0.9','/images/samsung/u=4193182371,837033171&fm=58.jpg','samsung',6173.09,NULL),('F32BAD6183594C3EB2DB50A361F70071','惠普zxc9856','5000','0.90','/images/hp/53fbe78bN891d9d73.jpg','hp',4500,NULL),('F33EDE15129A416980E1525C6CE288FB','索尼sve14127','6554','0.8','/images/sony/u=330436263,679425499&fm=58.jpg','sony',5243.2,NULL),('F60DE513152C4B07837AF1FC526093F2','惠普qwe4126','6300','0.90','/images/hp/53fbe722N1e031369.jpg','hp',5670,NULL),('F8CDB8572A8D4BA09E8E72FBA258538A','戴尔nba','5700','0.85','/images/dell/540ed54cNba59828d.jpg','dell',4845,NULL),('FBD30735D88F42D698CB4D7ADF035BCA','宏基 （acer）ADDD 2323','7000','0.9','/images/acer/rBEQYVGtx4gIAAAAAAFjIXrCr1EAACvAgEvrKcAAWM5034.jpg','acer',6300,NULL),('FDED8A8A7F4246CA9588230B648A53A5','联想n60','5850','0.88','/images/lenovo/5451ab73N60e57f6e.jpg','lenovo',5148,NULL),('FF74EC49C81045F897CBF5CFF908E28C','惠普poi103','2300','0.90','/images/hp/53fd7e43Nc39193ee.jpg','hp',2070,NULL);
/*!40000 ALTER TABLE `note_computer` ENABLE KEYS */;
UNLOCK TABLES;

--
-- Table structure for table `note_date`
--

DROP TABLE IF EXISTS `note_date`;
/*!40101 SET @saved_cs_client     = @@character_set_client */;
/*!40101 SET character_set_client = utf8 */;
CREATE TABLE `note_date` (
  `d_id` int(11) NOT NULL AUTO_INCREMENT,
  `uid` varchar(255) DEFAULT NULL,
  `date` varchar(255) DEFAULT NULL,
  PRIMARY KEY (`d_id`)
) ENGINE=InnoDB AUTO_INCREMENT=4 DEFAULT CHARSET=utf8;
/*!40101 SET character_set_client = @saved_cs_client */;

--
-- Dumping data for table `note_date`
--

LOCK TABLES `note_date` WRITE;
/*!40000 ALTER TABLE `note_date` DISABLE KEYS */;
INSERT INTO `note_date` VALUES (1,NULL,NULL),(2,NULL,NULL),(3,'6B5862423BA14A4B9572EF27E316881E','2016/05/26');
/*!40000 ALTER TABLE `note_date` ENABLE KEYS */;
UNLOCK TABLES;

--
-- Table structure for table `note_order`
--

DROP TABLE IF EXISTS `note_order`;
/*!40101 SET @saved_cs_client     = @@character_set_client */;
/*!40101 SET character_set_client = utf8 */;
CREATE TABLE `note_order` (
  `oid` varchar(96) DEFAULT NULL,
  `uid` varchar(96) DEFAULT NULL,
  `nid` varchar(96) DEFAULT NULL,
  `stime` varchar(96) DEFAULT NULL,
  `statu` int(11) DEFAULT NULL,
  `counts` int(11) DEFAULT NULL,
  `aid` varchar(96) DEFAULT NULL
) ENGINE=InnoDB DEFAULT CHARSET=utf8;
/*!40101 SET character_set_client = @saved_cs_client */;

--
-- Dumping data for table `note_order`
--

LOCK TABLES `note_order` WRITE;
/*!40000 ALTER TABLE `note_order` DISABLE KEYS */;
INSERT INTO `note_order` VALUES ('035B7F709A8245028103941193FE7930','C5590C8924F9483D823C18C8E88BEB8D','2215AF9596974280B63C0859403B8516','2014-12-4 8:14:31',0,1,'C72110BE0CB0404A97401A6A9B4852E6'),('0A98FC78FEC34C83AD3D5228064FBE2E','7D029B150AAB42DDAAD0D83F7FFCBD69','0762C398B01F46AE8A63C7CC61347DB5','2014-12-3 17:39:31',0,1,'null'),('0B75738401BD40BCB44472B2CD068BB3','72BEE799860747FDB38BC221296A012A','184E16BFD0CD4A7CA056423CA38AF094','2014-12-5 13:08:08',0,1,'null'),('1074B917407940268704B1E522044592','41B3BB71B9A34424A88C1908CCE785F5','56CCAC64C81D40439532074CFD5A1BFB','2014-12-3 16:44:41',0,1,'606ED773509D4E429ADD0A0991E2FDB3'),('167CEDA767B14AFA915A05EE1F7948FB','C5590C8924F9483D823C18C8E88BEB8D','295F99CF7C6940EC8ACB95518995AF30','2014-12-4 13:48:33',0,1,'C72110BE0CB0404A97401A6A9B4852E6'),('171D952417B14BCA85515747981E1F7F','C5590C8924F9483D823C18C8E88BEB8D','295F99CF7C6940EC8ACB95518995AF30','2014-12-4 11:18:24',0,1,'C72110BE0CB0404A97401A6A9B4852E6'),('23E8F64CF7C1455FA1E55EA9E26CEC9B','72BEE799860747FDB38BC221296A012A','0AF0ABC41614457BBE43286426E58F41','2014-12-5 13:08:08',0,1,'null'),('2424DB604FAF4228971071D4C6E183E9','2DE15B2C7C254DD98E8D530E7D447BD9','2215AF9596974280B63C0859403B8516','2014-12-5 9:08:42',0,1,'37CDCC377F744D0383336A5FAED48EE7'),('2ABC843111CE49FB9136EDDB65E6E61C','C5590C8924F9483D823C18C8E88BEB8D','18465B4325A84CDFAF61D60414CB7448','2014-12-4 15:31:12',0,1,'4459811A015D4AFE964E905205A5582D'),('2F76F78BECB1455397C697AC519D1545','41B3BB71B9A34424A88C1908CCE785F5','0762C398B01F46AE8A63C7CC61347DB5','2014-12-3 16:43:38',0,1,'606ED773509D4E429ADD0A0991E2FDB3'),('30988360151146D7919B4FDA7891A1C3','C5590C8924F9483D823C18C8E88BEB8D','1C0138D808454DED8319F0E89176C8B4','2014-12-4 13:53:23',0,1,'C72110BE0CB0404A97401A6A9B4852E6'),('46867D57B26F40CAB915F55533613058','C5590C8924F9483D823C18C8E88BEB8D','2215AF9596974280B63C0859403B8516','2014-12-4 13:48:33',0,1,'C72110BE0CB0404A97401A6A9B4852E6'),('47326F83398544CE84C465757F6271D4','C5590C8924F9483D823C18C8E88BEB8D','2215AF9596974280B63C0859403B8516','2014-12-3 19:10:33',0,1,'C72110BE0CB0404A97401A6A9B4852E6'),('48F5D46EA249450890494C72CB985B52','9FE1E5A177BF4D428377D3B17B97213D','0762C398B01F46AE8A63C7CC61347DB5','2014-12-4 11:22:22',0,1,'null'),('4B3FB777354741B5818A6CE74191C3C7','C5590C8924F9483D823C18C8E88BEB8D','0820BAF06A7C4C65A2F7679E58351B1C','2014-12-4 11:18:24',0,1,'C72110BE0CB0404A97401A6A9B4852E6'),('58A46D941B554DF79D7459EF960C4A9B','72BEE799860747FDB38BC221296A012A','02F37464EA7648B6BF199A403E56893B','2014-12-5 13:03:07',0,1,'null'),('602B6428B73C4CDBB816E3F32009C143','C5590C8924F9483D823C18C8E88BEB8D','0820BAF06A7C4C65A2F7679E58351B1C','2014-12-4 8:13:48',0,1,'C72110BE0CB0404A97401A6A9B4852E6'),('64CB016BC9B94C65A481B44E11C6EF6D','2DE15B2C7C254DD98E8D530E7D447BD9','1C4AEBAC98354239A95479915BC28072','2014-12-5 9:08:42',0,1,'37CDCC377F744D0383336A5FAED48EE7'),('65C938AA208242ED9F78ADCE53BC1A97','C5590C8924F9483D823C18C8E88BEB8D','0820BAF06A7C4C65A2F7679E58351B1C','2014-12-4 13:48:33',0,1,'C72110BE0CB0404A97401A6A9B4852E6'),('74AA8678B6494495B426F0A0A9538A0C','C5590C8924F9483D823C18C8E88BEB8D','2215AF9596974280B63C0859403B8516','2014-12-4 11:18:24',0,1,'C72110BE0CB0404A97401A6A9B4852E6'),('79DE4FB61141443AB6B42252343ED759','C5590C8924F9483D823C18C8E88BEB8D','0820BAF06A7C4C65A2F7679E58351B1C','2014-12-4 8:14:31',0,1,'C72110BE0CB0404A97401A6A9B4852E6'),('7AFD754236104C0E9F0755BFF99ABCA3','41B3BB71B9A34424A88C1908CCE785F5','0AF0ABC41614457BBE43286426E58F41','2014-12-3 16:49:28',0,1,'01A46F59ACBD48C2A16CCA6AD1A47E18'),('7D3DD3D84D244BA1AD3214994636FE46','C5590C8924F9483D823C18C8E88BEB8D','0820BAF06A7C4C65A2F7679E58351B1C','2014-12-3 19:10:33',0,1,'C72110BE0CB0404A97401A6A9B4852E6'),('7F3BB698125A46F59386BBF71E993CD9','C5590C8924F9483D823C18C8E88BEB8D','18465B4325A84CDFAF61D60414CB7448','2014-12-4 8:39:58',0,1,'null'),('97E052E353454D7BA53363FCE4827C15','C5590C8924F9483D823C18C8E88BEB8D','2215AF9596974280B63C0859403B8516','2014-12-4 14:08:11',0,1,'C72110BE0CB0404A97401A6A9B4852E6'),('9951F1E56BFD483FA306A763A44218B4','2DE15B2C7C254DD98E8D530E7D447BD9','234B106E5BFF46E38783D6D66F3AB9F0','2014-12-5 9:08:42',0,1,'37CDCC377F744D0383336A5FAED48EE7'),('9A0BD43FCF564F9E90B3A581285FC4CA','41B3BB71B9A34424A88C1908CCE785F5','0AF0ABC41614457BBE43286426E58F41','2014-12-3 16:43:38',0,1,'606ED773509D4E429ADD0A0991E2FDB3'),('9B4B4DE83B74490DA8E562DC514767A7','72BEE799860747FDB38BC221296A012A','0AF0ABC41614457BBE43286426E58F41','2014-12-5 13:04:09',0,1,'null'),('A86D46CB269D425C9D9413192A5FF1FE','2DE15B2C7C254DD98E8D530E7D447BD9','19447D3DD3E74086B3B7239E822A6AEC','2014-12-5 9:08:42',0,1,'37CDCC377F744D0383336A5FAED48EE7'),('AED487D5C0A74495B686301333150343','C5590C8924F9483D823C18C8E88BEB8D','0820BAF06A7C4C65A2F7679E58351B1C','2014-12-4 15:31:12',0,1,'4459811A015D4AFE964E905205A5582D'),('BA844A4203D74515B964611330BAFC9C','C5590C8924F9483D823C18C8E88BEB8D','2215AF9596974280B63C0859403B8516','2014-12-4 11:18:24',0,1,'C72110BE0CB0404A97401A6A9B4852E6'),('BD0845DCF6F445AE96B30E1A13DF7027','C5590C8924F9483D823C18C8E88BEB8D','02F37464EA7648B6BF199A403E56893B','2014-12-4 13:52:31',0,1,'C72110BE0CB0404A97401A6A9B4852E6'),('BD99813DA1184E8A80866C896350C444','C5590C8924F9483D823C18C8E88BEB8D','0E53E519DEDD455F8F2560BD73D07096','2014-12-4 15:31:12',0,1,'4459811A015D4AFE964E905205A5582D'),('C5BEBAA5A0464461A58A8CB825C6C591','C5590C8924F9483D823C18C8E88BEB8D','2215AF9596974280B63C0859403B8516','2014-12-4 13:48:33',0,1,'C72110BE0CB0404A97401A6A9B4852E6'),('D0C98F2EBE464A43BD7C03AFEF924E0E','C5590C8924F9483D823C18C8E88BEB8D','93F90936671149069FD7F55540FC5257','2014-12-4 11:17:36',0,1,'C72110BE0CB0404A97401A6A9B4852E6'),('D84A6C8DBDF641E8934A39E159B4B0A3','C5590C8924F9483D823C18C8E88BEB8D','02F37464EA7648B6BF199A403E56893B','2014-12-4 13:48:20',0,1,'C72110BE0CB0404A97401A6A9B4852E6'),('E10D6CD59EDD40138690846533A128C5','72BEE799860747FDB38BC221296A012A','0762C398B01F46AE8A63C7CC61347DB5','2014-12-5 13:08:08',0,1,'null'),('E47E2CE3818A4E52A1E7C2597C009E43','C5590C8924F9483D823C18C8E88BEB8D','2215AF9596974280B63C0859403B8516','2014-12-4 8:14:31',0,1,'C72110BE0CB0404A97401A6A9B4852E6'),('E7E1EB6C56DA455DB9527F57884876A6','2DE15B2C7C254DD98E8D530E7D447BD9','1D873BBAB14F40509DC4E9D99C00F988','2014-12-5 9:08:42',0,1,'37CDCC377F744D0383336A5FAED48EE7'),('E9C1CCFB19AE4DE7BB0CEF00C03C2711','41B3BB71B9A34424A88C1908CCE785F5','0762C398B01F46AE8A63C7CC61347DB5','2014-12-3 16:49:28',0,1,'01A46F59ACBD48C2A16CCA6AD1A47E18'),('EA8F330992094FADB6F56C08441C1A14','C5590C8924F9483D823C18C8E88BEB8D','2215AF9596974280B63C0859403B8516','2014-12-3 19:10:33',0,1,'C72110BE0CB0404A97401A6A9B4852E6'),('ED40C7E647304A70A45FF8B78009FC79','43D80FD0982740E99BA54C35431BBF7F','02F37464EA7648B6BF199A403E56893B','2014-12-4 13:20:20',0,1,'3E743F9CFFF942DE814A5E584A58F8B0'),('F361184028B04D44800A0473F8530859','41B3BB71B9A34424A88C1908CCE785F5','0AF0ABC41614457BBE43286426E58F41','2014-12-3 16:43:38',0,1,'606ED773509D4E429ADD0A0991E2FDB3'),('FE7B429A18E543C3A38543AC386853DB','41B3BB71B9A34424A88C1908CCE785F5','0762C398B01F46AE8A63C7CC61347DB5','2014-12-3 16:43:03',0,1,'606ED773509D4E429ADD0A0991E2FDB3'),('FC1F8A92C36F494F9EEA35B79C0897FB','6B5862423BA14A4B9572EF27E316881E','441B1EDEDC93488D888ACFE03CCA8FFB','2016-5-26 17:45:12',0,1,NULL);
/*!40000 ALTER TABLE `note_order` ENABLE KEYS */;
UNLOCK TABLES;

--
-- Table structure for table `note_shopping`
--

DROP TABLE IF EXISTS `note_shopping`;
/*!40101 SET @saved_cs_client     = @@character_set_client */;
/*!40101 SET character_set_client = utf8 */;
CREATE TABLE `note_shopping` (
  `sid` varchar(96) DEFAULT NULL,
  `uid` varchar(96) DEFAULT NULL,
  `nid` varchar(96) DEFAULT NULL,
  `stime` varchar(96) DEFAULT NULL
) ENGINE=InnoDB DEFAULT CHARSET=utf8;
/*!40101 SET character_set_client = @saved_cs_client */;

--
-- Dumping data for table `note_shopping`
--

LOCK TABLES `note_shopping` WRITE;
/*!40000 ALTER TABLE `note_shopping` DISABLE KEYS */;
INSERT INTO `note_shopping` VALUES ('0A4EC6FCB12049E69C4E0113F80A3FE5','4C67A840FEDC4CCE90222355AEF792F0','18659D5A088E43FC9801F7BFC79A2EDA','2014-12-5 8:55:11'),('156CE3D6742345ECB73C73CF277DBC87','2DE15B2C7C254DD98E8D530E7D447BD9','234B106E5BFF46E38783D6D66F3AB9F0','2014-12-5 9:08:32'),('17CB1C1932D043DBB4A4135A74E8EAE5','77D61973030B438F90DF2D1CCCC25B54','0762C398B01F46AE8A63C7CC61347DB5','2014-12-3 19:01:14'),('23721F58CCDB47FEA3E2752C89ABA1EE','2DE15B2C7C254DD98E8D530E7D447BD9','2215AF9596974280B63C0859403B8516','2014-12-5 9:08:27'),('2D515C3FAB304273A1594550AAA78974','9FE1E5A177BF4D428377D3B17B97213D','1C0138D808454DED8319F0E89176C8B4','2014-12-3 9:54:06'),('2FB96124C6F64AF4A7CAD8A0E7136FB9','9FE1E5A177BF4D428377D3B17B97213D','0762C398B01F46AE8A63C7CC61347DB5','2014-12-3 9:54:04'),('2FD7A2A33681451997F444A5BDE75962','544A12F7CDEA4829AEE4023481A800C8','0762C398B01F46AE8A63C7CC61347DB5','2014-12-4 11:02:43'),('39A85F4B74334840BA3600040856F0FE','2C34DEA29AC8430E8E2331E9C67B6975','18465B4325A84CDFAF61D60414CB7448','2014-12-5 8:40:22'),('451D70A9DBB64C7FAD27B290F7ABDEE1','280E0A867B15409B8C3CF18E8C8CE887','19447D3DD3E74086B3B7239E822A6AEC','2014-12-4 11:09:27'),('4DC847B62A0D4EC18158DD2118ECE8FC','77D61973030B438F90DF2D1CCCC25B54','0762C398B01F46AE8A63C7CC61347DB5','2014-12-3 19:00:55'),('4E7672BF08EC4C99AE0CA41D13A2CE05','280E0A867B15409B8C3CF18E8C8CE887','02F37464EA7648B6BF199A403E56893B','2014-12-4 11:09:25'),('5B7143F5D921414498BACDAC97D5C0D0','2DE15B2C7C254DD98E8D530E7D447BD9','1D873BBAB14F40509DC4E9D99C00F988','2014-12-5 9:08:24'),('729DFFC1908F4248933A5617F439B7B6','9FE1E5A177BF4D428377D3B17B97213D','0820BAF06A7C4C65A2F7679E58351B1C','2014-12-4 10:36:11'),('778FB0E3A3EE489E8491FC017092A7F6','2DE15B2C7C254DD98E8D530E7D447BD9','184E16BFD0CD4A7CA056423CA38AF094','2014-12-5 9:09:07'),('7A38AB2D05F04EBB80DE70C81EDEBE51','C5590C8924F9483D823C18C8E88BEB8D','0E53E519DEDD455F8F2560BD73D07096','2014-12-4 14:22:11'),('7E7F41A1549543B581B24229C8058FA1','72BEE799860747FDB38BC221296A012A','184E16BFD0CD4A7CA056423CA38AF094','2014-12-5 13:06:12'),('86E9F1C21BB64B1BB6D399C8C23F5796','77D61973030B438F90DF2D1CCCC25B54','0762C398B01F46AE8A63C7CC61347DB5','2014-12-3 19:01:11'),('8CF5D2C4F76448DB94B042FC4B9D4C4D','544A12F7CDEA4829AEE4023481A800C8','0762C398B01F46AE8A63C7CC61347DB5','2014-12-4 11:04:01'),('8DDA60294D3C45418E48CA35D194392C','77D61973030B438F90DF2D1CCCC25B54','0762C398B01F46AE8A63C7CC61347DB5','2014-12-3 19:01:15'),('93E4DFD525E146328478F67650D46192','43D80FD0982740E99BA54C35431BBF7F','0762C398B01F46AE8A63C7CC61347DB5','2014-12-4 13:19:33'),('98F81FA1C5C14C4F9E469CCADCAD92C3','9FE1E5A177BF4D428377D3B17B97213D','0AF0ABC41614457BBE43286426E58F41','2014-12-3 9:54:07'),('9DCD4C3EB5784957BDED18BB119E8E1F','41B3BB71B9A34424A88C1908CCE785F5','0AF0ABC41614457BBE43286426E58F41','2014-12-3 16:43:21'),('A6303151DA214E1DB7FCFD5960891D4B','72BEE799860747FDB38BC221296A012A','0AF0ABC41614457BBE43286426E58F41','2014-12-5 13:07:08'),('A6B769000BA64F4DAD937906CC03184A','41B3BB71B9A34424A88C1908CCE785F5','0762C398B01F46AE8A63C7CC61347DB5','2014-12-3 16:41:11'),('A9BFEBC1090B4FD9B56A0B35A00563A8','72BEE799860747FDB38BC221296A012A','0762C398B01F46AE8A63C7CC61347DB5','2014-12-5 13:06:00'),('AFF3D507C073435086B6F1E54D8FB92A','43D80FD0982740E99BA54C35431BBF7F','02F37464EA7648B6BF199A403E56893B','2014-12-4 13:41:37'),('B59416EC4F4B4007ABC02E093BAD98B9','2DE15B2C7C254DD98E8D530E7D447BD9','19447D3DD3E74086B3B7239E822A6AEC','2014-12-5 9:08:29'),('B989BC0E62E2404F98EA0A81CA3CE0D4','43D80FD0982740E99BA54C35431BBF7F','184E16BFD0CD4A7CA056423CA38AF094','2014-12-4 13:41:38'),('E2384A57F5EA4D28BFC5774F19FE1AF1','7D029B150AAB42DDAAD0D83F7FFCBD69','0AF0ABC41614457BBE43286426E58F41','2014-12-3 17:40:22'),('E3A015BC862244C39D2185A86018CFCF','2DE15B2C7C254DD98E8D530E7D447BD9','234B106E5BFF46E38783D6D66F3AB9F0','2014-12-5 9:09:15'),('EA90D966EEEF414F9BCBA64B5FD1B4A0','2DE15B2C7C254DD98E8D530E7D447BD9','1C4AEBAC98354239A95479915BC28072','2014-12-5 9:08:18'),('EB78B17BEE9B47ECBB19329F5273A1BB','9FE1E5A177BF4D428377D3B17B97213D','0E53E519DEDD455F8F2560BD73D07096','2014-12-4 11:23:06'),('F58C85D941AB433FA506FD9A2E1BFD14','C5590C8924F9483D823C18C8E88BEB8D','18465B4325A84CDFAF61D60414CB7448','2014-12-4 14:08:01'),('F68D1BB19649432C8719362B6724A6F2','9FE1E5A177BF4D428377D3B17B97213D','0762C398B01F46AE8A63C7CC61347DB5','2014-12-3 10:07:03'),('F7AEC3AAE854415DB86EC28D5C3AD29F','280E0A867B15409B8C3CF18E8C8CE887','1C0138D808454DED8319F0E89176C8B4','2014-12-4 11:09:28');
/*!40000 ALTER TABLE `note_shopping` ENABLE KEYS */;
UNLOCK TABLES;

--
-- Table structure for table `note_user`
--

DROP TABLE IF EXISTS `note_user`;
/*!40101 SET @saved_cs_client     = @@character_set_client */;
/*!40101 SET character_set_client = utf8 */;
CREATE TABLE `note_user` (
  `uid` varchar(96) DEFAULT NULL,
  `username` varchar(96) DEFAULT NULL,
  `userpass` varchar(96) DEFAULT NULL,
  `statu` tinyint(1) DEFAULT NULL,
  `email` varchar(96) DEFAULT NULL,
  `ulevel` int(11) DEFAULT NULL,
  `activecode` varchar(192) DEFAULT NULL
) ENGINE=InnoDB DEFAULT CHARSET=utf8;
/*!40101 SET character_set_client = @saved_cs_client */;

--
-- Dumping data for table `note_user`
--

LOCK TABLES `note_user` WRITE;
/*!40000 ALTER TABLE `note_user` DISABLE KEYS */;
INSERT INTO `note_user` VALUES ('280E0A867B15409B8C3CF18E8C8CE887','dbq_23','b3f43637c8aca77e5cae665664ac52b4',0,'tfgdks@qq.com',1,'C17C379928AC47E890C38654907EFEB1EA048F533BFE4DAA92AA1C4850B4771E'),('2C34DEA29AC8430E8E2331E9C67B6975','dbq_06','e10adc3949ba59abbe56e057f20f883e',0,'54534@qq.com',1,'C321D0CAB9BD48008A03AB66F97B8DC1FBA50E97FEE34415B9D48A1D453CC369'),('2DE15B2C7C254DD98E8D530E7D447BD9','dbq_00','48fb36e9a12bc915bcead4f6874a3528',0,'fdsjhu@qq.com',1,'A2A7DEB48A3649B9BDFFB73FDD3CBF88D520B9C2D0F14024B94DB12A5F9D2D48'),('35B82A37D74E443D98589562AE15311C','dbq_88','b3f43637c8aca77e5cae665664ac52b4',0,'743856347@qq.com',1,'611F842E80304064B8CF1EC3CDFB926E6248C7A984354511907AE364CC1C9FCB'),('3CF44570DCFB435D926196D93F99EFD0','zewrwe','4e7bdb88640b376ac6646b8f1ecfb558',0,'463y2745@qq.com',1,'ACB11B11876C40248E2FEE2C14054AC6814F5948FDE44EC784A317718087865C'),('41B3BB71B9A34424A88C1908CCE785F5','xiaosu','4297f44b13955235245b2497399d7a93',0,'1235555@qq.com',1,'11F873E819604B88B7792A44A2D671440CC9F4B5E2314667ACCCA2B8A570F05C'),('43D80FD0982740E99BA54C35431BBF7F','zxk59623544','e10adc3949ba59abbe56e057f20f883e',0,'123@qq.com',1,'D1C2C66465754EAB91328690A2DE8E69206AB986F7CD403280A38AEDF245474A'),('4C67A840FEDC4CCE90222355AEF792F0','zlg550','012114384116cc11a83e4fc0e20fffbd',0,'132950@qq.com',1,'2709FFA4F02944558B7243523848828E05C69BABAA334A01805083BD532E7429'),('52BE2DDB5DA24714B05C8154B3B91CE6','ssssss','033c91317f9b6795106a825cf8ef773d',0,'12456@qq.com',1,'81FB08C175084FE5A2BC9756B67A0FD5B2842C4FDED241129DE94FBB4D9B52B2'),('544A12F7CDEA4829AEE4023481A800C8','zhangsan110','143d33adf4749a5e30c3cd3f5a0a1e57',0,'196464566@qq.com',1,'20A249A92B7944D4A2295B5974A57002D5591E41FCB14BCABF0A8779BAD14556'),('72BEE799860747FDB38BC221296A012A','ddddd','eed8cdc400dfd4ec85dff70a170066b7',0,'fffhd@qq.com',1,'8114AF653704499D92EF54706C72C64D5A43A07050804F5894D35591F746AA3B'),('77D61973030B438F90DF2D1CCCC25B54','zxk596235442','a8f928238af720306ae3e6453b7faede',0,'1696724090@qq.com',1,'7E0458374F584E8F96B915F82C145CC2FBF79FD632C0411CA8CD6513F95C1949'),('7D029B150AAB42DDAAD0D83F7FFCBD69','qqqq','343b1c4a3ea721b2d640fc8700db0f36',0,'1@qq.com',1,'A839000848304150998FCFD02332142C4390CC3C76AA420C86E24318414A25F3'),('9FE1E5A177BF4D428377D3B17B97213D','xiaosong1','3d186804534370c3c817db0563f0e461',0,'123456739@qq.com',1,'78F00A7B39B64B4AA32770E1C69AD3E45545F3B5946B4BADB1378DEC77BDDBC4'),('C5590C8924F9483D823C18C8E88BEB8D','zhangsan','b3f43637c8aca77e5cae665664ac52b4',0,'11347543@qq.com',1,'17631FABBBEF4DE195ED83B81185A8F73D4F8C01A75B4149B5B66500DA09A3D1'),('D363C1CBA2B54B76B31E730FEE6CB416','zlg_2','8647b8bdf82c50c22aac533d4feeebf8',0,'zhangliguo@qq.com',1,'F62CF603B3BE4FEDA6D38D72CB7C91D9F5FB49339E50432F8C4588DD6DA19941'),('6B5862423BA14A4B9572EF27E316881E','1234','46f94c8de14fb36680850768ff1b7f2a',NULL,'584347553@qq.com',NULL,'42252346AA76425A9A96CAC7EFB4059FE32A2CF5408B4A6F8D37424E24B1A2A8'),('26E2621872A34C3B88A020D0E27CF06E','admin','46f94c8de14fb36680850768ff1b7f2a',NULL,'123qwe@qq.com',NULL,'BFF213B4286A4A88A90F17D328FBE0B53E9DBF5AC5A14846A8CA0DC93159F2F8');
/*!40000 ALTER TABLE `note_user` ENABLE KEYS */;
UNLOCK TABLES;
/*!40103 SET TIME_ZONE=@OLD_TIME_ZONE */;

/*!40101 SET SQL_MODE=@OLD_SQL_MODE */;
/*!40014 SET FOREIGN_KEY_CHECKS=@OLD_FOREIGN_KEY_CHECKS */;
/*!40014 SET UNIQUE_CHECKS=@OLD_UNIQUE_CHECKS */;
/*!40101 SET CHARACTER_SET_CLIENT=@OLD_CHARACTER_SET_CLIENT */;
/*!40101 SET CHARACTER_SET_RESULTS=@OLD_CHARACTER_SET_RESULTS */;
/*!40101 SET COLLATION_CONNECTION=@OLD_COLLATION_CONNECTION */;
/*!40111 SET SQL_NOTES=@OLD_SQL_NOTES */;

-- Dump completed on 2016-05-26 18:03:48
